<?xml version="1.0" encoding="UTF-8"?>
<AnalyticsSettings xmlns="http://soap.sforce.com/2006/04/metadata" xmlns:xsi="http://www.w3.org/2001/XMLSchema-instance">
    <enableAutoCompleteCombo>true</enableAutoCompleteCombo>
    <enableDashboardComponentSnapshot>false</enableDashboardComponentSnapshot>
    <enableDashboardFlexiTable>true</enableDashboardFlexiTable>
    <enableEmailReportsToPortalUsers>false</enableEmailReportsToPortalUsers>
    <enableFloatingReportHeaders>true</enableFloatingReportHeaders>
    <enableInsights>true</enableInsights>
    <enableLightningReportBuilder>false</enableLightningReportBuilder>
    <enableLotusNotesImages>false</enableLotusNotesImages>
    <enableMassEnableReportBuilder>true</enableMassEnableReportBuilder>
    <enableNewChartsEngine>true</enableNewChartsEngine>
    <enableRemoveFooterForRepDisplay>false</enableRemoveFooterForRepDisplay>
    <enableRemoveFooterFromRepExp>false</enableRemoveFooterFromRepExp>
    <enableReportFieldToFieldPref xsi:nil="true"/>
    <enableReportNotificationsEnable>true</enableReportNotificationsEnable>
    <enableS1AnalyticsEclairEnable>true</enableS1AnalyticsEclairEnable>
    <enableSFXJoinedReportsEnable>false</enableSFXJoinedReportsEnable>
    <enableUseOldChartsLookAndFeel>false</enableUseOldChartsLookAndFeel>
    <enableWaveReplication>false</enableWaveReplication>
    <enableWaveSharingInheritance>false</enableWaveSharingInheritance>
    <enableWaveTrendedDatasetCleanup>false</enableWaveTrendedDatasetCleanup>
</AnalyticsSettings>
