<?xml version="1.0" encoding="UTF-8"?>
<CaseSettings xmlns="http://soap.sforce.com/2006/04/metadata">
    <caseAssignNotificationTemplate>unfiled$public/SupportCaseAssignmentNotification</caseAssignNotificationTemplate>
    <caseCreateNotificationTemplate>unfiled$public/SupportCaseCreatedPhoneInquiries</caseCreateNotificationTemplate>
    <caseFeedItemSettings>
        <characterLimit>400</characterLimit>
        <collapseThread>true</collapseThread>
        <displayFormat>Default</displayFormat>
        <feedItemType>EmailMessageEvent</feedItemType>
    </caseFeedItemSettings>
    <caseMergeInLightning>false</caseMergeInLightning>
    <closeCaseThroughStatusChange>false</closeCaseThroughStatusChange>
    <defaultCaseFeedLayoutOn>true</defaultCaseFeedLayoutOn>
    <defaultCaseOwner>nsaipsf@gmail.com</defaultCaseOwner>
    <defaultCaseOwnerType>User</defaultCaseOwnerType>
    <defaultCaseUser>nsaipsf@gmail.com</defaultCaseUser>
    <emailToCase>
        <enableEmailToCase>false</enableEmailToCase>
    </emailToCase>
    <enableCaseFeed>true</enableCaseFeed>
    <enableEarlyEscalationRuleTriggers>false</enableEarlyEscalationRuleTriggers>
    <enableSuggestedSolutions>true</enableSuggestedSolutions>
    <escalateCaseBefore>false</escalateCaseBefore>
    <notifyContactOnCaseComment>false</notifyContactOnCaseComment>
    <notifyDefaultCaseOwner>false</notifyDefaultCaseOwner>
    <notifyOwnerOnCaseComment>false</notifyOwnerOnCaseComment>
    <notifyOwnerOnCaseOwnerChange>false</notifyOwnerOnCaseOwnerChange>
    <showEmailAttachmentsInCaseAttachmentsRL>true</showEmailAttachmentsInCaseAttachmentsRL>
    <useSystemEmailAddress>true</useSystemEmailAddress>
    <useSystemUserAsDefaultCaseUser>false</useSystemUserAsDefaultCaseUser>
    <webToCase>
        <caseOrigin>Web</caseOrigin>
        <defaultResponseTemplate>unfiled$public/SupportCaseCreatedWebInquiries</defaultResponseTemplate>
        <enableWebToCase>true</enableWebToCase>
    </webToCase>
</CaseSettings>
