<?xml version="1.0" encoding="UTF-8"?>
<ForecastingSettings xmlns="http://soap.sforce.com/2006/04/metadata">
    <enableForecasts>false</enableForecasts>
    <forecastingCategoryMappings>
        <forecastingItemCategoryApiName>commitonly</forecastingItemCategoryApiName>
        <weightedSourceCategories>
            <sourceCategoryApiName>commit</sourceCategoryApiName>
            <weight>1.0</weight>
        </weightedSourceCategories>
    </forecastingCategoryMappings>
    <forecastingCategoryMappings>
        <forecastingItemCategoryApiName>closedonly</forecastingItemCategoryApiName>
        <weightedSourceCategories>
            <sourceCategoryApiName>closed</sourceCategoryApiName>
            <weight>1.0</weight>
        </weightedSourceCategories>
    </forecastingCategoryMappings>
    <forecastingCategoryMappings>
        <forecastingItemCategoryApiName>openpipeline</forecastingItemCategoryApiName>
        <weightedSourceCategories>
            <sourceCategoryApiName>pipeline</sourceCategoryApiName>
            <weight>1.0</weight>
        </weightedSourceCategories>
        <weightedSourceCategories>
            <sourceCategoryApiName>commit</sourceCategoryApiName>
            <weight>1.0</weight>
        </weightedSourceCategories>
        <weightedSourceCategories>
            <sourceCategoryApiName>best case</sourceCategoryApiName>
            <weight>1.0</weight>
        </weightedSourceCategories>
    </forecastingCategoryMappings>
    <forecastingCategoryMappings>
        <forecastingItemCategoryApiName>omittedonly</forecastingItemCategoryApiName>
        <weightedSourceCategories>
            <sourceCategoryApiName>omitted</sourceCategoryApiName>
            <weight>1.0</weight>
        </weightedSourceCategories>
    </forecastingCategoryMappings>
    <forecastingCategoryMappings>
        <forecastingItemCategoryApiName>bestcaseforecast</forecastingItemCategoryApiName>
        <weightedSourceCategories>
            <sourceCategoryApiName>closed</sourceCategoryApiName>
            <weight>1.0</weight>
        </weightedSourceCategories>
        <weightedSourceCategories>
            <sourceCategoryApiName>commit</sourceCategoryApiName>
            <weight>1.0</weight>
        </weightedSourceCategories>
        <weightedSourceCategories>
            <sourceCategoryApiName>best case</sourceCategoryApiName>
            <weight>1.0</weight>
        </weightedSourceCategories>
    </forecastingCategoryMappings>
    <forecastingCategoryMappings>
        <forecastingItemCategoryApiName>pipelineonly</forecastingItemCategoryApiName>
        <weightedSourceCategories>
            <sourceCategoryApiName>pipeline</sourceCategoryApiName>
            <weight>1.0</weight>
        </weightedSourceCategories>
    </forecastingCategoryMappings>
    <forecastingCategoryMappings>
        <forecastingItemCategoryApiName>commitforecast</forecastingItemCategoryApiName>
        <weightedSourceCategories>
            <sourceCategoryApiName>closed</sourceCategoryApiName>
            <weight>1.0</weight>
        </weightedSourceCategories>
        <weightedSourceCategories>
            <sourceCategoryApiName>commit</sourceCategoryApiName>
            <weight>1.0</weight>
        </weightedSourceCategories>
    </forecastingCategoryMappings>
    <forecastingCategoryMappings>
        <forecastingItemCategoryApiName>bestcaseonly</forecastingItemCategoryApiName>
        <weightedSourceCategories>
            <sourceCategoryApiName>best case</sourceCategoryApiName>
            <weight>1.0</weight>
        </weightedSourceCategories>
    </forecastingCategoryMappings>
    <forecastingTypeSettings>
        <active>true</active>
        <adjustmentsSettings>
            <enableAdjustments>false</enableAdjustments>
            <enableOwnerAdjustments>false</enableOwnerAdjustments>
        </adjustmentsSettings>
        <displayedCategoryApiNames>closedonly</displayedCategoryApiNames>
        <displayedCategoryApiNames>commitonly</displayedCategoryApiNames>
        <displayedCategoryApiNames>bestcaseonly</displayedCategoryApiNames>
        <displayedCategoryApiNames>pipelineonly</displayedCategoryApiNames>
        <forecastRangeSettings>
            <beginning>0</beginning>
            <displaying>6</displaying>
            <periodType>Month</periodType>
        </forecastRangeSettings>
        <forecastedCategoryApiNames>commitonly</forecastedCategoryApiNames>
        <forecastedCategoryApiNames>closedonly</forecastedCategoryApiNames>
        <forecastedCategoryApiNames>pipelineonly</forecastedCategoryApiNames>
        <forecastedCategoryApiNames>bestcaseonly</forecastedCategoryApiNames>
        <forecastingDateType>OpportunityCloseDate</forecastingDateType>
        <hasProductFamily>false</hasProductFamily>
        <isAmount>true</isAmount>
        <isAvailable>true</isAvailable>
        <isQuantity>false</isQuantity>
        <masterLabel>Opportunities</masterLabel>
        <name>OpportunityRevenue</name>
        <opportunityListFieldsLabelMappings>
            <field>OPPORTUNITY.NAME</field>
            <label>Opportunity Name</label>
        </opportunityListFieldsLabelMappings>
        <opportunityListFieldsLabelMappings>
            <field>ACCOUNT.NAME</field>
            <label>Account Name</label>
        </opportunityListFieldsLabelMappings>
        <opportunityListFieldsLabelMappings>
            <field>OPPORTUNITY.AMOUNT</field>
            <label>Amount</label>
        </opportunityListFieldsLabelMappings>
        <opportunityListFieldsLabelMappings>
            <field>OPPORTUNITY.CLOSE_DATE</field>
            <label>Close Date</label>
        </opportunityListFieldsLabelMappings>
        <opportunityListFieldsLabelMappings>
            <field>OPPORTUNITY.STAGE_NAME</field>
            <label>Stage</label>
        </opportunityListFieldsLabelMappings>
        <opportunityListFieldsLabelMappings>
            <field>OPPORTUNITY.PROBABILITY</field>
            <label>Probability (%)</label>
        </opportunityListFieldsLabelMappings>
        <opportunityListFieldsLabelMappings>
            <field>FORECAST_CATEGORY</field>
            <label>Forecast Category</label>
        </opportunityListFieldsLabelMappings>
        <opportunityListFieldsLabelMappings>
            <field>FULL_NAME</field>
            <label>Owner Full Name</label>
        </opportunityListFieldsLabelMappings>
        <opportunityListFieldsLabelMappings>
            <field>CONTRACT.CONTRACT_NUMBER</field>
            <label>Contract Number</label>
        </opportunityListFieldsLabelMappings>
        <opportunityListFieldsLabelMappings>
            <field>CONTRACT.NAME</field>
            <label>Contract Name</label>
        </opportunityListFieldsLabelMappings>
        <opportunityListFieldsLabelMappings>
            <field>CORE.USERS.ALIAS</field>
            <label>Opportunity Owner Alias</label>
        </opportunityListFieldsLabelMappings>
        <opportunityListFieldsLabelMappings>
            <field>CORE.USERS.FIRST_NAME</field>
            <label>Owner First Name</label>
        </opportunityListFieldsLabelMappings>
        <opportunityListFieldsLabelMappings>
            <field>CORE.USERS.LAST_NAME</field>
            <label>Owner Last Name</label>
        </opportunityListFieldsLabelMappings>
        <opportunityListFieldsLabelMappings>
            <field>DESCRIPTION</field>
            <label>Description</label>
        </opportunityListFieldsLabelMappings>
        <opportunityListFieldsLabelMappings>
            <field>OPPORTUNITY.EXP_AMOUNT</field>
            <label>Expected Revenue</label>
        </opportunityListFieldsLabelMappings>
        <opportunityListFieldsLabelMappings>
            <field>OPPORTUNITY.LEAD_SOURCE</field>
            <label>Lead Source</label>
        </opportunityListFieldsLabelMappings>
        <opportunityListFieldsLabelMappings>
            <field>OPPORTUNITY.NEXT_STEP</field>
            <label>Next Step</label>
        </opportunityListFieldsLabelMappings>
        <opportunityListFieldsLabelMappings>
            <field>OPPORTUNITY.PRIVATE</field>
            <label>Private</label>
        </opportunityListFieldsLabelMappings>
        <opportunityListFieldsLabelMappings>
            <field>OPPORTUNITY.QUANTITY</field>
            <label>Quantity</label>
        </opportunityListFieldsLabelMappings>
        <opportunityListFieldsLabelMappings>
            <field>OPPORTUNITY.TYPE</field>
            <label>Type</label>
        </opportunityListFieldsLabelMappings>
        <opportunityListFieldsLabelMappings>
            <field>UPDATEDBY_USER.ALIAS</field>
            <label>Last Modified By Alias</label>
        </opportunityListFieldsLabelMappings>
        <opportunityListFieldsLabelMappings>
            <field>CREATEDBY_USER.ALIAS</field>
            <label>Created By Alias</label>
        </opportunityListFieldsLabelMappings>
        <opportunityListFieldsLabelMappings>
            <field>OPPORTUNITY.CLOSED</field>
            <label>Closed</label>
        </opportunityListFieldsLabelMappings>
        <opportunityListFieldsLabelMappings>
            <field>OPPORTUNITY.WON</field>
            <label>Won</label>
        </opportunityListFieldsLabelMappings>
        <opportunityListFieldsLabelMappings>
            <field>ACCOUNT.SITE</field>
            <label>Account Site</label>
        </opportunityListFieldsLabelMappings>
        <opportunityListFieldsLabelMappings>
            <field>OPPORTUNITY.FISCAL_YEAR</field>
            <label>Fiscal Year</label>
        </opportunityListFieldsLabelMappings>
        <opportunityListFieldsLabelMappings>
            <field>OPPORTUNITY.FISCAL_QUARTER</field>
            <label>Fiscal Quarter</label>
        </opportunityListFieldsLabelMappings>
        <opportunityListFieldsLabelMappings>
            <field>OPPORTUNITY.FISCAL_PERIOD</field>
            <label>Fiscal Period</label>
        </opportunityListFieldsLabelMappings>
        <opportunityListFieldsLabelMappings>
            <field>OPPORTUNITY.LAST_ACTIVITY</field>
            <label>Last Activity</label>
        </opportunityListFieldsLabelMappings>
        <opportunityListFieldsLabelMappings>
            <field>OPPORTUNITY.CREATED_DATE</field>
            <label>Created Date</label>
        </opportunityListFieldsLabelMappings>
        <opportunityListFieldsLabelMappings>
            <field>OPPORTUNITY.LAST_UPDATE</field>
            <label>Last Modified Date</label>
        </opportunityListFieldsLabelMappings>
        <opportunityListFieldsLabelMappings>
            <field>00N5f00000Nhbp2</field>
            <label>Current Generator(s)</label>
        </opportunityListFieldsLabelMappings>
        <opportunityListFieldsLabelMappings>
            <field>00N5f00000Nhbp3</field>
            <label>Delivery/Installation Status</label>
        </opportunityListFieldsLabelMappings>
        <opportunityListFieldsLabelMappings>
            <field>00N5f00000Nhbp4</field>
            <label>Main Competitor(s)</label>
        </opportunityListFieldsLabelMappings>
        <opportunityListFieldsLabelMappings>
            <field>00N5f00000Nhbp5</field>
            <label>Order Number</label>
        </opportunityListFieldsLabelMappings>
        <opportunityListFieldsLabelMappings>
            <field>00N5f00000Nhbp6</field>
            <label>Tracking Number</label>
        </opportunityListFieldsLabelMappings>
        <opportunityListFieldsSelectedSettings>
            <field>OPPORTUNITY.NAME</field>
            <field>ACCOUNT.NAME</field>
            <field>OPPORTUNITY.AMOUNT</field>
            <field>OPPORTUNITY.CLOSE_DATE</field>
            <field>OPPORTUNITY.STAGE_NAME</field>
            <field>OPPORTUNITY.PROBABILITY</field>
            <field>FORECAST_CATEGORY</field>
            <field>FULL_NAME</field>
        </opportunityListFieldsSelectedSettings>
        <opportunityListFieldsUnselectedSettings>
            <field>CONTRACT.CONTRACT_NUMBER</field>
            <field>CONTRACT.NAME</field>
            <field>CORE.USERS.ALIAS</field>
            <field>CORE.USERS.FIRST_NAME</field>
            <field>CORE.USERS.LAST_NAME</field>
            <field>DESCRIPTION</field>
            <field>OPPORTUNITY.EXP_AMOUNT</field>
            <field>OPPORTUNITY.LEAD_SOURCE</field>
            <field>OPPORTUNITY.NEXT_STEP</field>
            <field>OPPORTUNITY.PRIVATE</field>
            <field>OPPORTUNITY.QUANTITY</field>
            <field>OPPORTUNITY.TYPE</field>
            <field>UPDATEDBY_USER.ALIAS</field>
            <field>CREATEDBY_USER.ALIAS</field>
            <field>OPPORTUNITY.CLOSED</field>
            <field>OPPORTUNITY.WON</field>
            <field>ACCOUNT.SITE</field>
            <field>OPPORTUNITY.FISCAL_YEAR</field>
            <field>OPPORTUNITY.FISCAL_QUARTER</field>
            <field>OPPORTUNITY.FISCAL_PERIOD</field>
            <field>OPPORTUNITY.LAST_ACTIVITY</field>
            <field>OPPORTUNITY.CREATED_DATE</field>
            <field>OPPORTUNITY.LAST_UPDATE</field>
            <field>00N5f00000Nhbp2</field>
            <field>00N5f00000Nhbp3</field>
            <field>00N5f00000Nhbp4</field>
            <field>00N5f00000Nhbp5</field>
            <field>00N5f00000Nhbp6</field>
        </opportunityListFieldsUnselectedSettings>
        <quotasSettings>
            <showQuotas>false</showQuotas>
        </quotasSettings>
    </forecastingTypeSettings>
    <forecastingTypeSettings>
        <active>false</active>
        <adjustmentsSettings>
            <enableAdjustments>false</enableAdjustments>
            <enableOwnerAdjustments>false</enableOwnerAdjustments>
        </adjustmentsSettings>
        <displayedCategoryApiNames>closedonly</displayedCategoryApiNames>
        <displayedCategoryApiNames>commitonly</displayedCategoryApiNames>
        <displayedCategoryApiNames>bestcaseonly</displayedCategoryApiNames>
        <displayedCategoryApiNames>pipelineonly</displayedCategoryApiNames>
        <forecastRangeSettings>
            <beginning>0</beginning>
            <displaying>6</displaying>
            <periodType>Month</periodType>
        </forecastRangeSettings>
        <forecastedCategoryApiNames>commitonly</forecastedCategoryApiNames>
        <forecastedCategoryApiNames>closedonly</forecastedCategoryApiNames>
        <forecastedCategoryApiNames>pipelineonly</forecastedCategoryApiNames>
        <forecastedCategoryApiNames>bestcaseonly</forecastedCategoryApiNames>
        <forecastingDateType>OpportunityCloseDate</forecastingDateType>
        <hasProductFamily>false</hasProductFamily>
        <isAmount>false</isAmount>
        <isAvailable>true</isAvailable>
        <isQuantity>true</isQuantity>
        <masterLabel>Opportunities</masterLabel>
        <name>OpportunityQuantity</name>
        <opportunityListFieldsLabelMappings>
            <field>OPPORTUNITY.NAME</field>
            <label>Opportunity Name</label>
        </opportunityListFieldsLabelMappings>
        <opportunityListFieldsLabelMappings>
            <field>ACCOUNT.NAME</field>
            <label>Account Name</label>
        </opportunityListFieldsLabelMappings>
        <opportunityListFieldsLabelMappings>
            <field>OPPORTUNITY.QUANTITY</field>
            <label>Quantity</label>
        </opportunityListFieldsLabelMappings>
        <opportunityListFieldsLabelMappings>
            <field>OPPORTUNITY.CLOSE_DATE</field>
            <label>Close Date</label>
        </opportunityListFieldsLabelMappings>
        <opportunityListFieldsLabelMappings>
            <field>OPPORTUNITY.STAGE_NAME</field>
            <label>Stage</label>
        </opportunityListFieldsLabelMappings>
        <opportunityListFieldsLabelMappings>
            <field>OPPORTUNITY.PROBABILITY</field>
            <label>Probability (%)</label>
        </opportunityListFieldsLabelMappings>
        <opportunityListFieldsLabelMappings>
            <field>FORECAST_CATEGORY</field>
            <label>Forecast Category</label>
        </opportunityListFieldsLabelMappings>
        <opportunityListFieldsLabelMappings>
            <field>FULL_NAME</field>
            <label>Owner Full Name</label>
        </opportunityListFieldsLabelMappings>
        <opportunityListFieldsLabelMappings>
            <field>CONTRACT.CONTRACT_NUMBER</field>
            <label>Contract Number</label>
        </opportunityListFieldsLabelMappings>
        <opportunityListFieldsLabelMappings>
            <field>CONTRACT.NAME</field>
            <label>Contract Name</label>
        </opportunityListFieldsLabelMappings>
        <opportunityListFieldsLabelMappings>
            <field>OPPORTUNITY.AMOUNT</field>
            <label>Amount</label>
        </opportunityListFieldsLabelMappings>
        <opportunityListFieldsLabelMappings>
            <field>CORE.USERS.ALIAS</field>
            <label>Opportunity Owner Alias</label>
        </opportunityListFieldsLabelMappings>
        <opportunityListFieldsLabelMappings>
            <field>CORE.USERS.FIRST_NAME</field>
            <label>Owner First Name</label>
        </opportunityListFieldsLabelMappings>
        <opportunityListFieldsLabelMappings>
            <field>CORE.USERS.LAST_NAME</field>
            <label>Owner Last Name</label>
        </opportunityListFieldsLabelMappings>
        <opportunityListFieldsLabelMappings>
            <field>DESCRIPTION</field>
            <label>Description</label>
        </opportunityListFieldsLabelMappings>
        <opportunityListFieldsLabelMappings>
            <field>OPPORTUNITY.EXP_AMOUNT</field>
            <label>Expected Revenue</label>
        </opportunityListFieldsLabelMappings>
        <opportunityListFieldsLabelMappings>
            <field>OPPORTUNITY.LEAD_SOURCE</field>
            <label>Lead Source</label>
        </opportunityListFieldsLabelMappings>
        <opportunityListFieldsLabelMappings>
            <field>OPPORTUNITY.NEXT_STEP</field>
            <label>Next Step</label>
        </opportunityListFieldsLabelMappings>
        <opportunityListFieldsLabelMappings>
            <field>OPPORTUNITY.PRIVATE</field>
            <label>Private</label>
        </opportunityListFieldsLabelMappings>
        <opportunityListFieldsLabelMappings>
            <field>OPPORTUNITY.TYPE</field>
            <label>Type</label>
        </opportunityListFieldsLabelMappings>
        <opportunityListFieldsLabelMappings>
            <field>UPDATEDBY_USER.ALIAS</field>
            <label>Last Modified By Alias</label>
        </opportunityListFieldsLabelMappings>
        <opportunityListFieldsLabelMappings>
            <field>CREATEDBY_USER.ALIAS</field>
            <label>Created By Alias</label>
        </opportunityListFieldsLabelMappings>
        <opportunityListFieldsLabelMappings>
            <field>OPPORTUNITY.CLOSED</field>
            <label>Closed</label>
        </opportunityListFieldsLabelMappings>
        <opportunityListFieldsLabelMappings>
            <field>OPPORTUNITY.WON</field>
            <label>Won</label>
        </opportunityListFieldsLabelMappings>
        <opportunityListFieldsLabelMappings>
            <field>ACCOUNT.SITE</field>
            <label>Account Site</label>
        </opportunityListFieldsLabelMappings>
        <opportunityListFieldsLabelMappings>
            <field>OPPORTUNITY.FISCAL_YEAR</field>
            <label>Fiscal Year</label>
        </opportunityListFieldsLabelMappings>
        <opportunityListFieldsLabelMappings>
            <field>OPPORTUNITY.FISCAL_QUARTER</field>
            <label>Fiscal Quarter</label>
        </opportunityListFieldsLabelMappings>
        <opportunityListFieldsLabelMappings>
            <field>OPPORTUNITY.FISCAL_PERIOD</field>
            <label>Fiscal Period</label>
        </opportunityListFieldsLabelMappings>
        <opportunityListFieldsLabelMappings>
            <field>OPPORTUNITY.LAST_ACTIVITY</field>
            <label>Last Activity</label>
        </opportunityListFieldsLabelMappings>
        <opportunityListFieldsLabelMappings>
            <field>OPPORTUNITY.CREATED_DATE</field>
            <label>Created Date</label>
        </opportunityListFieldsLabelMappings>
        <opportunityListFieldsLabelMappings>
            <field>OPPORTUNITY.LAST_UPDATE</field>
            <label>Last Modified Date</label>
        </opportunityListFieldsLabelMappings>
        <opportunityListFieldsLabelMappings>
            <field>00N5f00000Nhbp2</field>
            <label>Current Generator(s)</label>
        </opportunityListFieldsLabelMappings>
        <opportunityListFieldsLabelMappings>
            <field>00N5f00000Nhbp3</field>
            <label>Delivery/Installation Status</label>
        </opportunityListFieldsLabelMappings>
        <opportunityListFieldsLabelMappings>
            <field>00N5f00000Nhbp4</field>
            <label>Main Competitor(s)</label>
        </opportunityListFieldsLabelMappings>
        <opportunityListFieldsLabelMappings>
            <field>00N5f00000Nhbp5</field>
            <label>Order Number</label>
        </opportunityListFieldsLabelMappings>
        <opportunityListFieldsLabelMappings>
            <field>00N5f00000Nhbp6</field>
            <label>Tracking Number</label>
        </opportunityListFieldsLabelMappings>
        <opportunityListFieldsSelectedSettings>
            <field>OPPORTUNITY.NAME</field>
            <field>ACCOUNT.NAME</field>
            <field>OPPORTUNITY.QUANTITY</field>
            <field>OPPORTUNITY.CLOSE_DATE</field>
            <field>OPPORTUNITY.STAGE_NAME</field>
            <field>OPPORTUNITY.PROBABILITY</field>
            <field>FORECAST_CATEGORY</field>
            <field>FULL_NAME</field>
        </opportunityListFieldsSelectedSettings>
        <opportunityListFieldsUnselectedSettings>
            <field>CONTRACT.CONTRACT_NUMBER</field>
            <field>CONTRACT.NAME</field>
            <field>OPPORTUNITY.AMOUNT</field>
            <field>CORE.USERS.ALIAS</field>
            <field>CORE.USERS.FIRST_NAME</field>
            <field>CORE.USERS.LAST_NAME</field>
            <field>DESCRIPTION</field>
            <field>OPPORTUNITY.EXP_AMOUNT</field>
            <field>OPPORTUNITY.LEAD_SOURCE</field>
            <field>OPPORTUNITY.NEXT_STEP</field>
            <field>OPPORTUNITY.PRIVATE</field>
            <field>OPPORTUNITY.TYPE</field>
            <field>UPDATEDBY_USER.ALIAS</field>
            <field>CREATEDBY_USER.ALIAS</field>
            <field>OPPORTUNITY.CLOSED</field>
            <field>OPPORTUNITY.WON</field>
            <field>ACCOUNT.SITE</field>
            <field>OPPORTUNITY.FISCAL_YEAR</field>
            <field>OPPORTUNITY.FISCAL_QUARTER</field>
            <field>OPPORTUNITY.FISCAL_PERIOD</field>
            <field>OPPORTUNITY.LAST_ACTIVITY</field>
            <field>OPPORTUNITY.CREATED_DATE</field>
            <field>OPPORTUNITY.LAST_UPDATE</field>
            <field>00N5f00000Nhbp2</field>
            <field>00N5f00000Nhbp3</field>
            <field>00N5f00000Nhbp4</field>
            <field>00N5f00000Nhbp5</field>
            <field>00N5f00000Nhbp6</field>
        </opportunityListFieldsUnselectedSettings>
        <quotasSettings>
            <showQuotas>false</showQuotas>
        </quotasSettings>
    </forecastingTypeSettings>
    <forecastingTypeSettings>
        <active>false</active>
        <adjustmentsSettings>
            <enableAdjustments>false</enableAdjustments>
            <enableOwnerAdjustments>false</enableOwnerAdjustments>
        </adjustmentsSettings>
        <displayedCategoryApiNames>closedonly</displayedCategoryApiNames>
        <displayedCategoryApiNames>commitonly</displayedCategoryApiNames>
        <displayedCategoryApiNames>bestcaseonly</displayedCategoryApiNames>
        <displayedCategoryApiNames>pipelineonly</displayedCategoryApiNames>
        <forecastRangeSettings>
            <beginning>0</beginning>
            <displaying>6</displaying>
            <periodType>Month</periodType>
        </forecastRangeSettings>
        <forecastedCategoryApiNames>commitonly</forecastedCategoryApiNames>
        <forecastedCategoryApiNames>closedonly</forecastedCategoryApiNames>
        <forecastedCategoryApiNames>pipelineonly</forecastedCategoryApiNames>
        <forecastedCategoryApiNames>bestcaseonly</forecastedCategoryApiNames>
        <forecastingDateType>OpportunityCloseDate</forecastingDateType>
        <hasProductFamily>true</hasProductFamily>
        <isAmount>true</isAmount>
        <isAvailable>true</isAvailable>
        <isQuantity>false</isQuantity>
        <masterLabel>Product Families</masterLabel>
        <name>OpportunityLineItemRevenue</name>
        <opportunityListFieldsLabelMappings>
            <field>OPPORTUNITY.NAME</field>
            <label>Opportunity Name</label>
        </opportunityListFieldsLabelMappings>
        <opportunityListFieldsLabelMappings>
            <field>ACCOUNT.NAME</field>
            <label>Account Name</label>
        </opportunityListFieldsLabelMappings>
        <opportunityListFieldsLabelMappings>
            <field>SPLITAMOUNT</field>
            <label>Forecasted Amount</label>
        </opportunityListFieldsLabelMappings>
        <opportunityListFieldsLabelMappings>
            <field>OPPORTUNITY.CLOSE_DATE</field>
            <label>Close Date</label>
        </opportunityListFieldsLabelMappings>
        <opportunityListFieldsLabelMappings>
            <field>OPPORTUNITY.STAGE_NAME</field>
            <label>Stage</label>
        </opportunityListFieldsLabelMappings>
        <opportunityListFieldsLabelMappings>
            <field>OPPORTUNITY.PROBABILITY</field>
            <label>Probability (%)</label>
        </opportunityListFieldsLabelMappings>
        <opportunityListFieldsLabelMappings>
            <field>FORECAST_CATEGORY</field>
            <label>Forecast Category</label>
        </opportunityListFieldsLabelMappings>
        <opportunityListFieldsLabelMappings>
            <field>FULL_NAME</field>
            <label>Owner Full Name</label>
        </opportunityListFieldsLabelMappings>
        <opportunityListFieldsLabelMappings>
            <field>CONTRACT.CONTRACT_NUMBER</field>
            <label>Contract Number</label>
        </opportunityListFieldsLabelMappings>
        <opportunityListFieldsLabelMappings>
            <field>CONTRACT.NAME</field>
            <label>Contract Name</label>
        </opportunityListFieldsLabelMappings>
        <opportunityListFieldsLabelMappings>
            <field>OPPORTUNITY.AMOUNT</field>
            <label>Amount</label>
        </opportunityListFieldsLabelMappings>
        <opportunityListFieldsLabelMappings>
            <field>CORE.USERS.ALIAS</field>
            <label>Opportunity Owner Alias</label>
        </opportunityListFieldsLabelMappings>
        <opportunityListFieldsLabelMappings>
            <field>CORE.USERS.FIRST_NAME</field>
            <label>Owner First Name</label>
        </opportunityListFieldsLabelMappings>
        <opportunityListFieldsLabelMappings>
            <field>CORE.USERS.LAST_NAME</field>
            <label>Owner Last Name</label>
        </opportunityListFieldsLabelMappings>
        <opportunityListFieldsLabelMappings>
            <field>DESCRIPTION</field>
            <label>Description</label>
        </opportunityListFieldsLabelMappings>
        <opportunityListFieldsLabelMappings>
            <field>OPPORTUNITY.EXP_AMOUNT</field>
            <label>Expected Revenue</label>
        </opportunityListFieldsLabelMappings>
        <opportunityListFieldsLabelMappings>
            <field>OPPORTUNITY.LEAD_SOURCE</field>
            <label>Lead Source</label>
        </opportunityListFieldsLabelMappings>
        <opportunityListFieldsLabelMappings>
            <field>OPPORTUNITY.NEXT_STEP</field>
            <label>Next Step</label>
        </opportunityListFieldsLabelMappings>
        <opportunityListFieldsLabelMappings>
            <field>OPPORTUNITY.PRIVATE</field>
            <label>Private</label>
        </opportunityListFieldsLabelMappings>
        <opportunityListFieldsLabelMappings>
            <field>OPPORTUNITY.QUANTITY</field>
            <label>Quantity</label>
        </opportunityListFieldsLabelMappings>
        <opportunityListFieldsLabelMappings>
            <field>OPPORTUNITY.TYPE</field>
            <label>Type</label>
        </opportunityListFieldsLabelMappings>
        <opportunityListFieldsLabelMappings>
            <field>UPDATEDBY_USER.ALIAS</field>
            <label>Last Modified By Alias</label>
        </opportunityListFieldsLabelMappings>
        <opportunityListFieldsLabelMappings>
            <field>CREATEDBY_USER.ALIAS</field>
            <label>Created By Alias</label>
        </opportunityListFieldsLabelMappings>
        <opportunityListFieldsLabelMappings>
            <field>OPPORTUNITY.CLOSED</field>
            <label>Closed</label>
        </opportunityListFieldsLabelMappings>
        <opportunityListFieldsLabelMappings>
            <field>OPPORTUNITY.WON</field>
            <label>Won</label>
        </opportunityListFieldsLabelMappings>
        <opportunityListFieldsLabelMappings>
            <field>ACCOUNT.SITE</field>
            <label>Account Site</label>
        </opportunityListFieldsLabelMappings>
        <opportunityListFieldsLabelMappings>
            <field>OPPORTUNITY.FISCAL_YEAR</field>
            <label>Fiscal Year</label>
        </opportunityListFieldsLabelMappings>
        <opportunityListFieldsLabelMappings>
            <field>OPPORTUNITY.FISCAL_QUARTER</field>
            <label>Fiscal Quarter</label>
        </opportunityListFieldsLabelMappings>
        <opportunityListFieldsLabelMappings>
            <field>OPPORTUNITY.FISCAL_PERIOD</field>
            <label>Fiscal Period</label>
        </opportunityListFieldsLabelMappings>
        <opportunityListFieldsLabelMappings>
            <field>OPPORTUNITY.LAST_ACTIVITY</field>
            <label>Last Activity</label>
        </opportunityListFieldsLabelMappings>
        <opportunityListFieldsLabelMappings>
            <field>OPPORTUNITY.CREATED_DATE</field>
            <label>Created Date</label>
        </opportunityListFieldsLabelMappings>
        <opportunityListFieldsLabelMappings>
            <field>OPPORTUNITY.LAST_UPDATE</field>
            <label>Last Modified Date</label>
        </opportunityListFieldsLabelMappings>
        <opportunityListFieldsLabelMappings>
            <field>00N5f00000Nhbp2</field>
            <label>Current Generator(s)</label>
        </opportunityListFieldsLabelMappings>
        <opportunityListFieldsLabelMappings>
            <field>00N5f00000Nhbp3</field>
            <label>Delivery/Installation Status</label>
        </opportunityListFieldsLabelMappings>
        <opportunityListFieldsLabelMappings>
            <field>00N5f00000Nhbp4</field>
            <label>Main Competitor(s)</label>
        </opportunityListFieldsLabelMappings>
        <opportunityListFieldsLabelMappings>
            <field>00N5f00000Nhbp5</field>
            <label>Order Number</label>
        </opportunityListFieldsLabelMappings>
        <opportunityListFieldsLabelMappings>
            <field>00N5f00000Nhbp6</field>
            <label>Tracking Number</label>
        </opportunityListFieldsLabelMappings>
        <opportunityListFieldsSelectedSettings>
            <field>OPPORTUNITY.NAME</field>
            <field>ACCOUNT.NAME</field>
            <field>SPLITAMOUNT</field>
            <field>OPPORTUNITY.CLOSE_DATE</field>
            <field>OPPORTUNITY.STAGE_NAME</field>
            <field>OPPORTUNITY.PROBABILITY</field>
            <field>FORECAST_CATEGORY</field>
            <field>FULL_NAME</field>
        </opportunityListFieldsSelectedSettings>
        <opportunityListFieldsUnselectedSettings>
            <field>CONTRACT.CONTRACT_NUMBER</field>
            <field>CONTRACT.NAME</field>
            <field>OPPORTUNITY.AMOUNT</field>
            <field>CORE.USERS.ALIAS</field>
            <field>CORE.USERS.FIRST_NAME</field>
            <field>CORE.USERS.LAST_NAME</field>
            <field>DESCRIPTION</field>
            <field>OPPORTUNITY.EXP_AMOUNT</field>
            <field>OPPORTUNITY.LEAD_SOURCE</field>
            <field>OPPORTUNITY.NEXT_STEP</field>
            <field>OPPORTUNITY.PRIVATE</field>
            <field>OPPORTUNITY.QUANTITY</field>
            <field>OPPORTUNITY.TYPE</field>
            <field>UPDATEDBY_USER.ALIAS</field>
            <field>CREATEDBY_USER.ALIAS</field>
            <field>OPPORTUNITY.CLOSED</field>
            <field>OPPORTUNITY.WON</field>
            <field>ACCOUNT.SITE</field>
            <field>OPPORTUNITY.FISCAL_YEAR</field>
            <field>OPPORTUNITY.FISCAL_QUARTER</field>
            <field>OPPORTUNITY.FISCAL_PERIOD</field>
            <field>OPPORTUNITY.LAST_ACTIVITY</field>
            <field>OPPORTUNITY.CREATED_DATE</field>
            <field>OPPORTUNITY.LAST_UPDATE</field>
            <field>00N5f00000Nhbp2</field>
            <field>00N5f00000Nhbp3</field>
            <field>00N5f00000Nhbp4</field>
            <field>00N5f00000Nhbp5</field>
            <field>00N5f00000Nhbp6</field>
        </opportunityListFieldsUnselectedSettings>
        <quotasSettings>
            <showQuotas>false</showQuotas>
        </quotasSettings>
    </forecastingTypeSettings>
    <forecastingTypeSettings>
        <active>false</active>
        <adjustmentsSettings>
            <enableAdjustments>false</enableAdjustments>
            <enableOwnerAdjustments>false</enableOwnerAdjustments>
        </adjustmentsSettings>
        <displayedCategoryApiNames>closedonly</displayedCategoryApiNames>
        <displayedCategoryApiNames>commitonly</displayedCategoryApiNames>
        <displayedCategoryApiNames>bestcaseonly</displayedCategoryApiNames>
        <displayedCategoryApiNames>pipelineonly</displayedCategoryApiNames>
        <forecastRangeSettings>
            <beginning>0</beginning>
            <displaying>6</displaying>
            <periodType>Month</periodType>
        </forecastRangeSettings>
        <forecastedCategoryApiNames>commitonly</forecastedCategoryApiNames>
        <forecastedCategoryApiNames>closedonly</forecastedCategoryApiNames>
        <forecastedCategoryApiNames>pipelineonly</forecastedCategoryApiNames>
        <forecastedCategoryApiNames>bestcaseonly</forecastedCategoryApiNames>
        <forecastingDateType>OpportunityCloseDate</forecastingDateType>
        <hasProductFamily>true</hasProductFamily>
        <isAmount>false</isAmount>
        <isAvailable>true</isAvailable>
        <isQuantity>true</isQuantity>
        <masterLabel>Product Families</masterLabel>
        <name>OpportunityLineItemQuantity</name>
        <opportunityListFieldsLabelMappings>
            <field>OPPORTUNITY.NAME</field>
            <label>Opportunity Name</label>
        </opportunityListFieldsLabelMappings>
        <opportunityListFieldsLabelMappings>
            <field>ACCOUNT.NAME</field>
            <label>Account Name</label>
        </opportunityListFieldsLabelMappings>
        <opportunityListFieldsLabelMappings>
            <field>OPPORTUNITY.QUANTITY</field>
            <label>Quantity</label>
        </opportunityListFieldsLabelMappings>
        <opportunityListFieldsLabelMappings>
            <field>OPPORTUNITY.CLOSE_DATE</field>
            <label>Close Date</label>
        </opportunityListFieldsLabelMappings>
        <opportunityListFieldsLabelMappings>
            <field>OPPORTUNITY.STAGE_NAME</field>
            <label>Stage</label>
        </opportunityListFieldsLabelMappings>
        <opportunityListFieldsLabelMappings>
            <field>OPPORTUNITY.PROBABILITY</field>
            <label>Probability (%)</label>
        </opportunityListFieldsLabelMappings>
        <opportunityListFieldsLabelMappings>
            <field>FORECAST_CATEGORY</field>
            <label>Forecast Category</label>
        </opportunityListFieldsLabelMappings>
        <opportunityListFieldsLabelMappings>
            <field>FULL_NAME</field>
            <label>Owner Full Name</label>
        </opportunityListFieldsLabelMappings>
        <opportunityListFieldsLabelMappings>
            <field>CONTRACT.CONTRACT_NUMBER</field>
            <label>Contract Number</label>
        </opportunityListFieldsLabelMappings>
        <opportunityListFieldsLabelMappings>
            <field>CONTRACT.NAME</field>
            <label>Contract Name</label>
        </opportunityListFieldsLabelMappings>
        <opportunityListFieldsLabelMappings>
            <field>OPPORTUNITY.AMOUNT</field>
            <label>Amount</label>
        </opportunityListFieldsLabelMappings>
        <opportunityListFieldsLabelMappings>
            <field>CORE.USERS.ALIAS</field>
            <label>Opportunity Owner Alias</label>
        </opportunityListFieldsLabelMappings>
        <opportunityListFieldsLabelMappings>
            <field>CORE.USERS.FIRST_NAME</field>
            <label>Owner First Name</label>
        </opportunityListFieldsLabelMappings>
        <opportunityListFieldsLabelMappings>
            <field>CORE.USERS.LAST_NAME</field>
            <label>Owner Last Name</label>
        </opportunityListFieldsLabelMappings>
        <opportunityListFieldsLabelMappings>
            <field>DESCRIPTION</field>
            <label>Description</label>
        </opportunityListFieldsLabelMappings>
        <opportunityListFieldsLabelMappings>
            <field>OPPORTUNITY.EXP_AMOUNT</field>
            <label>Expected Revenue</label>
        </opportunityListFieldsLabelMappings>
        <opportunityListFieldsLabelMappings>
            <field>OPPORTUNITY.LEAD_SOURCE</field>
            <label>Lead Source</label>
        </opportunityListFieldsLabelMappings>
        <opportunityListFieldsLabelMappings>
            <field>OPPORTUNITY.NEXT_STEP</field>
            <label>Next Step</label>
        </opportunityListFieldsLabelMappings>
        <opportunityListFieldsLabelMappings>
            <field>OPPORTUNITY.PRIVATE</field>
            <label>Private</label>
        </opportunityListFieldsLabelMappings>
        <opportunityListFieldsLabelMappings>
            <field>OPPORTUNITY.TYPE</field>
            <label>Type</label>
        </opportunityListFieldsLabelMappings>
        <opportunityListFieldsLabelMappings>
            <field>UPDATEDBY_USER.ALIAS</field>
            <label>Last Modified By Alias</label>
        </opportunityListFieldsLabelMappings>
        <opportunityListFieldsLabelMappings>
            <field>CREATEDBY_USER.ALIAS</field>
            <label>Created By Alias</label>
        </opportunityListFieldsLabelMappings>
        <opportunityListFieldsLabelMappings>
            <field>OPPORTUNITY.CLOSED</field>
            <label>Closed</label>
        </opportunityListFieldsLabelMappings>
        <opportunityListFieldsLabelMappings>
            <field>OPPORTUNITY.WON</field>
            <label>Won</label>
        </opportunityListFieldsLabelMappings>
        <opportunityListFieldsLabelMappings>
            <field>ACCOUNT.SITE</field>
            <label>Account Site</label>
        </opportunityListFieldsLabelMappings>
        <opportunityListFieldsLabelMappings>
            <field>OPPORTUNITY.FISCAL_YEAR</field>
            <label>Fiscal Year</label>
        </opportunityListFieldsLabelMappings>
        <opportunityListFieldsLabelMappings>
            <field>OPPORTUNITY.FISCAL_QUARTER</field>
            <label>Fiscal Quarter</label>
        </opportunityListFieldsLabelMappings>
        <opportunityListFieldsLabelMappings>
            <field>OPPORTUNITY.FISCAL_PERIOD</field>
            <label>Fiscal Period</label>
        </opportunityListFieldsLabelMappings>
        <opportunityListFieldsLabelMappings>
            <field>OPPORTUNITY.LAST_ACTIVITY</field>
            <label>Last Activity</label>
        </opportunityListFieldsLabelMappings>
        <opportunityListFieldsLabelMappings>
            <field>OPPORTUNITY.CREATED_DATE</field>
            <label>Created Date</label>
        </opportunityListFieldsLabelMappings>
        <opportunityListFieldsLabelMappings>
            <field>OPPORTUNITY.LAST_UPDATE</field>
            <label>Last Modified Date</label>
        </opportunityListFieldsLabelMappings>
        <opportunityListFieldsLabelMappings>
            <field>00N5f00000Nhbp2</field>
            <label>Current Generator(s)</label>
        </opportunityListFieldsLabelMappings>
        <opportunityListFieldsLabelMappings>
            <field>00N5f00000Nhbp3</field>
            <label>Delivery/Installation Status</label>
        </opportunityListFieldsLabelMappings>
        <opportunityListFieldsLabelMappings>
            <field>00N5f00000Nhbp4</field>
            <label>Main Competitor(s)</label>
        </opportunityListFieldsLabelMappings>
        <opportunityListFieldsLabelMappings>
            <field>00N5f00000Nhbp5</field>
            <label>Order Number</label>
        </opportunityListFieldsLabelMappings>
        <opportunityListFieldsLabelMappings>
            <field>00N5f00000Nhbp6</field>
            <label>Tracking Number</label>
        </opportunityListFieldsLabelMappings>
        <opportunityListFieldsSelectedSettings>
            <field>OPPORTUNITY.NAME</field>
            <field>ACCOUNT.NAME</field>
            <field>OPPORTUNITY.QUANTITY</field>
            <field>OPPORTUNITY.CLOSE_DATE</field>
            <field>OPPORTUNITY.STAGE_NAME</field>
            <field>OPPORTUNITY.PROBABILITY</field>
            <field>FORECAST_CATEGORY</field>
            <field>FULL_NAME</field>
        </opportunityListFieldsSelectedSettings>
        <opportunityListFieldsUnselectedSettings>
            <field>CONTRACT.CONTRACT_NUMBER</field>
            <field>CONTRACT.NAME</field>
            <field>OPPORTUNITY.AMOUNT</field>
            <field>CORE.USERS.ALIAS</field>
            <field>CORE.USERS.FIRST_NAME</field>
            <field>CORE.USERS.LAST_NAME</field>
            <field>DESCRIPTION</field>
            <field>OPPORTUNITY.EXP_AMOUNT</field>
            <field>OPPORTUNITY.LEAD_SOURCE</field>
            <field>OPPORTUNITY.NEXT_STEP</field>
            <field>OPPORTUNITY.PRIVATE</field>
            <field>OPPORTUNITY.TYPE</field>
            <field>UPDATEDBY_USER.ALIAS</field>
            <field>CREATEDBY_USER.ALIAS</field>
            <field>OPPORTUNITY.CLOSED</field>
            <field>OPPORTUNITY.WON</field>
            <field>ACCOUNT.SITE</field>
            <field>OPPORTUNITY.FISCAL_YEAR</field>
            <field>OPPORTUNITY.FISCAL_QUARTER</field>
            <field>OPPORTUNITY.FISCAL_PERIOD</field>
            <field>OPPORTUNITY.LAST_ACTIVITY</field>
            <field>OPPORTUNITY.CREATED_DATE</field>
            <field>OPPORTUNITY.LAST_UPDATE</field>
            <field>00N5f00000Nhbp2</field>
            <field>00N5f00000Nhbp3</field>
            <field>00N5f00000Nhbp4</field>
            <field>00N5f00000Nhbp5</field>
            <field>00N5f00000Nhbp6</field>
        </opportunityListFieldsUnselectedSettings>
        <quotasSettings>
            <showQuotas>false</showQuotas>
        </quotasSettings>
    </forecastingTypeSettings>
    <forecastingTypeSettings>
        <active>false</active>
        <adjustmentsSettings>
            <enableAdjustments>false</enableAdjustments>
            <enableOwnerAdjustments>false</enableOwnerAdjustments>
        </adjustmentsSettings>
        <displayedCategoryApiNames>closedonly</displayedCategoryApiNames>
        <displayedCategoryApiNames>commitonly</displayedCategoryApiNames>
        <displayedCategoryApiNames>bestcaseonly</displayedCategoryApiNames>
        <displayedCategoryApiNames>pipelineonly</displayedCategoryApiNames>
        <forecastRangeSettings>
            <beginning>0</beginning>
            <displaying>6</displaying>
            <periodType>Month</periodType>
        </forecastRangeSettings>
        <forecastedCategoryApiNames>commitonly</forecastedCategoryApiNames>
        <forecastedCategoryApiNames>closedonly</forecastedCategoryApiNames>
        <forecastedCategoryApiNames>pipelineonly</forecastedCategoryApiNames>
        <forecastedCategoryApiNames>bestcaseonly</forecastedCategoryApiNames>
        <forecastingDateType>ProductDate</forecastingDateType>
        <hasProductFamily>false</hasProductFamily>
        <isAmount>true</isAmount>
        <isAvailable>true</isAvailable>
        <isQuantity>false</isQuantity>
        <masterLabel>Opportunity Revenue Product Date</masterLabel>
        <name>OpportunityRevenueProductDate</name>
        <opportunityListFieldsLabelMappings>
            <field>OPPORTUNITY.NAME</field>
            <label>Opportunity Name</label>
        </opportunityListFieldsLabelMappings>
        <opportunityListFieldsLabelMappings>
            <field>ACCOUNT.NAME</field>
            <label>Account Name</label>
        </opportunityListFieldsLabelMappings>
        <opportunityListFieldsLabelMappings>
            <field>SPLITAMOUNT</field>
            <label>Forecasted Amount</label>
        </opportunityListFieldsLabelMappings>
        <opportunityListFieldsLabelMappings>
            <field>OPPORTUNITY.CLOSE_DATE</field>
            <label>Close Date</label>
        </opportunityListFieldsLabelMappings>
        <opportunityListFieldsLabelMappings>
            <field>OPPORTUNITY.STAGE_NAME</field>
            <label>Stage</label>
        </opportunityListFieldsLabelMappings>
        <opportunityListFieldsLabelMappings>
            <field>OPPORTUNITY.PROBABILITY</field>
            <label>Probability (%)</label>
        </opportunityListFieldsLabelMappings>
        <opportunityListFieldsLabelMappings>
            <field>FORECAST_CATEGORY</field>
            <label>Forecast Category</label>
        </opportunityListFieldsLabelMappings>
        <opportunityListFieldsLabelMappings>
            <field>FULL_NAME</field>
            <label>Owner Full Name</label>
        </opportunityListFieldsLabelMappings>
        <opportunityListFieldsLabelMappings>
            <field>CONTRACT.CONTRACT_NUMBER</field>
            <label>Contract Number</label>
        </opportunityListFieldsLabelMappings>
        <opportunityListFieldsLabelMappings>
            <field>CONTRACT.NAME</field>
            <label>Contract Name</label>
        </opportunityListFieldsLabelMappings>
        <opportunityListFieldsLabelMappings>
            <field>OPPORTUNITY.AMOUNT</field>
            <label>Amount</label>
        </opportunityListFieldsLabelMappings>
        <opportunityListFieldsLabelMappings>
            <field>CORE.USERS.ALIAS</field>
            <label>Opportunity Owner Alias</label>
        </opportunityListFieldsLabelMappings>
        <opportunityListFieldsLabelMappings>
            <field>CORE.USERS.FIRST_NAME</field>
            <label>Owner First Name</label>
        </opportunityListFieldsLabelMappings>
        <opportunityListFieldsLabelMappings>
            <field>CORE.USERS.LAST_NAME</field>
            <label>Owner Last Name</label>
        </opportunityListFieldsLabelMappings>
        <opportunityListFieldsLabelMappings>
            <field>DESCRIPTION</field>
            <label>Description</label>
        </opportunityListFieldsLabelMappings>
        <opportunityListFieldsLabelMappings>
            <field>OPPORTUNITY.EXP_AMOUNT</field>
            <label>Expected Revenue</label>
        </opportunityListFieldsLabelMappings>
        <opportunityListFieldsLabelMappings>
            <field>OPPORTUNITY.LEAD_SOURCE</field>
            <label>Lead Source</label>
        </opportunityListFieldsLabelMappings>
        <opportunityListFieldsLabelMappings>
            <field>OPPORTUNITY.NEXT_STEP</field>
            <label>Next Step</label>
        </opportunityListFieldsLabelMappings>
        <opportunityListFieldsLabelMappings>
            <field>OPPORTUNITY.PRIVATE</field>
            <label>Private</label>
        </opportunityListFieldsLabelMappings>
        <opportunityListFieldsLabelMappings>
            <field>OPPORTUNITY.QUANTITY</field>
            <label>Quantity</label>
        </opportunityListFieldsLabelMappings>
        <opportunityListFieldsLabelMappings>
            <field>OPPORTUNITY.TYPE</field>
            <label>Type</label>
        </opportunityListFieldsLabelMappings>
        <opportunityListFieldsLabelMappings>
            <field>UPDATEDBY_USER.ALIAS</field>
            <label>Last Modified By Alias</label>
        </opportunityListFieldsLabelMappings>
        <opportunityListFieldsLabelMappings>
            <field>CREATEDBY_USER.ALIAS</field>
            <label>Created By Alias</label>
        </opportunityListFieldsLabelMappings>
        <opportunityListFieldsLabelMappings>
            <field>OPPORTUNITY.CLOSED</field>
            <label>Closed</label>
        </opportunityListFieldsLabelMappings>
        <opportunityListFieldsLabelMappings>
            <field>OPPORTUNITY.WON</field>
            <label>Won</label>
        </opportunityListFieldsLabelMappings>
        <opportunityListFieldsLabelMappings>
            <field>ACCOUNT.SITE</field>
            <label>Account Site</label>
        </opportunityListFieldsLabelMappings>
        <opportunityListFieldsLabelMappings>
            <field>OPPORTUNITY.FISCAL_YEAR</field>
            <label>Fiscal Year</label>
        </opportunityListFieldsLabelMappings>
        <opportunityListFieldsLabelMappings>
            <field>OPPORTUNITY.FISCAL_QUARTER</field>
            <label>Fiscal Quarter</label>
        </opportunityListFieldsLabelMappings>
        <opportunityListFieldsLabelMappings>
            <field>OPPORTUNITY.FISCAL_PERIOD</field>
            <label>Fiscal Period</label>
        </opportunityListFieldsLabelMappings>
        <opportunityListFieldsLabelMappings>
            <field>OPPORTUNITY.LAST_ACTIVITY</field>
            <label>Last Activity</label>
        </opportunityListFieldsLabelMappings>
        <opportunityListFieldsLabelMappings>
            <field>OPPORTUNITY.CREATED_DATE</field>
            <label>Created Date</label>
        </opportunityListFieldsLabelMappings>
        <opportunityListFieldsLabelMappings>
            <field>OPPORTUNITY.LAST_UPDATE</field>
            <label>Last Modified Date</label>
        </opportunityListFieldsLabelMappings>
        <opportunityListFieldsLabelMappings>
            <field>00N5f00000Nhbp2</field>
            <label>Current Generator(s)</label>
        </opportunityListFieldsLabelMappings>
        <opportunityListFieldsLabelMappings>
            <field>00N5f00000Nhbp3</field>
            <label>Delivery/Installation Status</label>
        </opportunityListFieldsLabelMappings>
        <opportunityListFieldsLabelMappings>
            <field>00N5f00000Nhbp4</field>
            <label>Main Competitor(s)</label>
        </opportunityListFieldsLabelMappings>
        <opportunityListFieldsLabelMappings>
            <field>00N5f00000Nhbp5</field>
            <label>Order Number</label>
        </opportunityListFieldsLabelMappings>
        <opportunityListFieldsLabelMappings>
            <field>00N5f00000Nhbp6</field>
            <label>Tracking Number</label>
        </opportunityListFieldsLabelMappings>
        <opportunityListFieldsSelectedSettings>
            <field>OPPORTUNITY.NAME</field>
            <field>ACCOUNT.NAME</field>
            <field>SPLITAMOUNT</field>
            <field>OPPORTUNITY.CLOSE_DATE</field>
            <field>OPPORTUNITY.STAGE_NAME</field>
            <field>OPPORTUNITY.PROBABILITY</field>
            <field>FORECAST_CATEGORY</field>
            <field>FULL_NAME</field>
        </opportunityListFieldsSelectedSettings>
        <opportunityListFieldsUnselectedSettings>
            <field>CONTRACT.CONTRACT_NUMBER</field>
            <field>CONTRACT.NAME</field>
            <field>OPPORTUNITY.AMOUNT</field>
            <field>CORE.USERS.ALIAS</field>
            <field>CORE.USERS.FIRST_NAME</field>
            <field>CORE.USERS.LAST_NAME</field>
            <field>DESCRIPTION</field>
            <field>OPPORTUNITY.EXP_AMOUNT</field>
            <field>OPPORTUNITY.LEAD_SOURCE</field>
            <field>OPPORTUNITY.NEXT_STEP</field>
            <field>OPPORTUNITY.PRIVATE</field>
            <field>OPPORTUNITY.QUANTITY</field>
            <field>OPPORTUNITY.TYPE</field>
            <field>UPDATEDBY_USER.ALIAS</field>
            <field>CREATEDBY_USER.ALIAS</field>
            <field>OPPORTUNITY.CLOSED</field>
            <field>OPPORTUNITY.WON</field>
            <field>ACCOUNT.SITE</field>
            <field>OPPORTUNITY.FISCAL_YEAR</field>
            <field>OPPORTUNITY.FISCAL_QUARTER</field>
            <field>OPPORTUNITY.FISCAL_PERIOD</field>
            <field>OPPORTUNITY.LAST_ACTIVITY</field>
            <field>OPPORTUNITY.CREATED_DATE</field>
            <field>OPPORTUNITY.LAST_UPDATE</field>
            <field>00N5f00000Nhbp2</field>
            <field>00N5f00000Nhbp3</field>
            <field>00N5f00000Nhbp4</field>
            <field>00N5f00000Nhbp5</field>
            <field>00N5f00000Nhbp6</field>
        </opportunityListFieldsUnselectedSettings>
        <quotasSettings>
            <showQuotas>false</showQuotas>
        </quotasSettings>
    </forecastingTypeSettings>
    <forecastingTypeSettings>
        <active>false</active>
        <adjustmentsSettings>
            <enableAdjustments>false</enableAdjustments>
            <enableOwnerAdjustments>false</enableOwnerAdjustments>
        </adjustmentsSettings>
        <displayedCategoryApiNames>closedonly</displayedCategoryApiNames>
        <displayedCategoryApiNames>commitonly</displayedCategoryApiNames>
        <displayedCategoryApiNames>bestcaseonly</displayedCategoryApiNames>
        <displayedCategoryApiNames>pipelineonly</displayedCategoryApiNames>
        <forecastRangeSettings>
            <beginning>0</beginning>
            <displaying>6</displaying>
            <periodType>Month</periodType>
        </forecastRangeSettings>
        <forecastedCategoryApiNames>commitonly</forecastedCategoryApiNames>
        <forecastedCategoryApiNames>closedonly</forecastedCategoryApiNames>
        <forecastedCategoryApiNames>pipelineonly</forecastedCategoryApiNames>
        <forecastedCategoryApiNames>bestcaseonly</forecastedCategoryApiNames>
        <forecastingDateType>ProductDate</forecastingDateType>
        <hasProductFamily>false</hasProductFamily>
        <isAmount>false</isAmount>
        <isAvailable>true</isAvailable>
        <isQuantity>true</isQuantity>
        <masterLabel>Opportunity Quantity Product Date</masterLabel>
        <name>OpportunityQuantityProductDate</name>
        <opportunityListFieldsLabelMappings>
            <field>OPPORTUNITY.NAME</field>
            <label>Opportunity Name</label>
        </opportunityListFieldsLabelMappings>
        <opportunityListFieldsLabelMappings>
            <field>ACCOUNT.NAME</field>
            <label>Account Name</label>
        </opportunityListFieldsLabelMappings>
        <opportunityListFieldsLabelMappings>
            <field>OPPORTUNITY.QUANTITY</field>
            <label>Quantity</label>
        </opportunityListFieldsLabelMappings>
        <opportunityListFieldsLabelMappings>
            <field>OPPORTUNITY.CLOSE_DATE</field>
            <label>Close Date</label>
        </opportunityListFieldsLabelMappings>
        <opportunityListFieldsLabelMappings>
            <field>OPPORTUNITY.STAGE_NAME</field>
            <label>Stage</label>
        </opportunityListFieldsLabelMappings>
        <opportunityListFieldsLabelMappings>
            <field>OPPORTUNITY.PROBABILITY</field>
            <label>Probability (%)</label>
        </opportunityListFieldsLabelMappings>
        <opportunityListFieldsLabelMappings>
            <field>FORECAST_CATEGORY</field>
            <label>Forecast Category</label>
        </opportunityListFieldsLabelMappings>
        <opportunityListFieldsLabelMappings>
            <field>FULL_NAME</field>
            <label>Owner Full Name</label>
        </opportunityListFieldsLabelMappings>
        <opportunityListFieldsLabelMappings>
            <field>CONTRACT.CONTRACT_NUMBER</field>
            <label>Contract Number</label>
        </opportunityListFieldsLabelMappings>
        <opportunityListFieldsLabelMappings>
            <field>CONTRACT.NAME</field>
            <label>Contract Name</label>
        </opportunityListFieldsLabelMappings>
        <opportunityListFieldsLabelMappings>
            <field>OPPORTUNITY.AMOUNT</field>
            <label>Amount</label>
        </opportunityListFieldsLabelMappings>
        <opportunityListFieldsLabelMappings>
            <field>CORE.USERS.ALIAS</field>
            <label>Opportunity Owner Alias</label>
        </opportunityListFieldsLabelMappings>
        <opportunityListFieldsLabelMappings>
            <field>CORE.USERS.FIRST_NAME</field>
            <label>Owner First Name</label>
        </opportunityListFieldsLabelMappings>
        <opportunityListFieldsLabelMappings>
            <field>CORE.USERS.LAST_NAME</field>
            <label>Owner Last Name</label>
        </opportunityListFieldsLabelMappings>
        <opportunityListFieldsLabelMappings>
            <field>DESCRIPTION</field>
            <label>Description</label>
        </opportunityListFieldsLabelMappings>
        <opportunityListFieldsLabelMappings>
            <field>OPPORTUNITY.EXP_AMOUNT</field>
            <label>Expected Revenue</label>
        </opportunityListFieldsLabelMappings>
        <opportunityListFieldsLabelMappings>
            <field>OPPORTUNITY.LEAD_SOURCE</field>
            <label>Lead Source</label>
        </opportunityListFieldsLabelMappings>
        <opportunityListFieldsLabelMappings>
            <field>OPPORTUNITY.NEXT_STEP</field>
            <label>Next Step</label>
        </opportunityListFieldsLabelMappings>
        <opportunityListFieldsLabelMappings>
            <field>OPPORTUNITY.PRIVATE</field>
            <label>Private</label>
        </opportunityListFieldsLabelMappings>
        <opportunityListFieldsLabelMappings>
            <field>OPPORTUNITY.TYPE</field>
            <label>Type</label>
        </opportunityListFieldsLabelMappings>
        <opportunityListFieldsLabelMappings>
            <field>UPDATEDBY_USER.ALIAS</field>
            <label>Last Modified By Alias</label>
        </opportunityListFieldsLabelMappings>
        <opportunityListFieldsLabelMappings>
            <field>CREATEDBY_USER.ALIAS</field>
            <label>Created By Alias</label>
        </opportunityListFieldsLabelMappings>
        <opportunityListFieldsLabelMappings>
            <field>OPPORTUNITY.CLOSED</field>
            <label>Closed</label>
        </opportunityListFieldsLabelMappings>
        <opportunityListFieldsLabelMappings>
            <field>OPPORTUNITY.WON</field>
            <label>Won</label>
        </opportunityListFieldsLabelMappings>
        <opportunityListFieldsLabelMappings>
            <field>ACCOUNT.SITE</field>
            <label>Account Site</label>
        </opportunityListFieldsLabelMappings>
        <opportunityListFieldsLabelMappings>
            <field>OPPORTUNITY.FISCAL_YEAR</field>
            <label>Fiscal Year</label>
        </opportunityListFieldsLabelMappings>
        <opportunityListFieldsLabelMappings>
            <field>OPPORTUNITY.FISCAL_QUARTER</field>
            <label>Fiscal Quarter</label>
        </opportunityListFieldsLabelMappings>
        <opportunityListFieldsLabelMappings>
            <field>OPPORTUNITY.FISCAL_PERIOD</field>
            <label>Fiscal Period</label>
        </opportunityListFieldsLabelMappings>
        <opportunityListFieldsLabelMappings>
            <field>OPPORTUNITY.LAST_ACTIVITY</field>
            <label>Last Activity</label>
        </opportunityListFieldsLabelMappings>
        <opportunityListFieldsLabelMappings>
            <field>OPPORTUNITY.CREATED_DATE</field>
            <label>Created Date</label>
        </opportunityListFieldsLabelMappings>
        <opportunityListFieldsLabelMappings>
            <field>OPPORTUNITY.LAST_UPDATE</field>
            <label>Last Modified Date</label>
        </opportunityListFieldsLabelMappings>
        <opportunityListFieldsLabelMappings>
            <field>00N5f00000Nhbp2</field>
            <label>Current Generator(s)</label>
        </opportunityListFieldsLabelMappings>
        <opportunityListFieldsLabelMappings>
            <field>00N5f00000Nhbp3</field>
            <label>Delivery/Installation Status</label>
        </opportunityListFieldsLabelMappings>
        <opportunityListFieldsLabelMappings>
            <field>00N5f00000Nhbp4</field>
            <label>Main Competitor(s)</label>
        </opportunityListFieldsLabelMappings>
        <opportunityListFieldsLabelMappings>
            <field>00N5f00000Nhbp5</field>
            <label>Order Number</label>
        </opportunityListFieldsLabelMappings>
        <opportunityListFieldsLabelMappings>
            <field>00N5f00000Nhbp6</field>
            <label>Tracking Number</label>
        </opportunityListFieldsLabelMappings>
        <opportunityListFieldsSelectedSettings>
            <field>OPPORTUNITY.NAME</field>
            <field>ACCOUNT.NAME</field>
            <field>OPPORTUNITY.QUANTITY</field>
            <field>OPPORTUNITY.CLOSE_DATE</field>
            <field>OPPORTUNITY.STAGE_NAME</field>
            <field>OPPORTUNITY.PROBABILITY</field>
            <field>FORECAST_CATEGORY</field>
            <field>FULL_NAME</field>
        </opportunityListFieldsSelectedSettings>
        <opportunityListFieldsUnselectedSettings>
            <field>CONTRACT.CONTRACT_NUMBER</field>
            <field>CONTRACT.NAME</field>
            <field>OPPORTUNITY.AMOUNT</field>
            <field>CORE.USERS.ALIAS</field>
            <field>CORE.USERS.FIRST_NAME</field>
            <field>CORE.USERS.LAST_NAME</field>
            <field>DESCRIPTION</field>
            <field>OPPORTUNITY.EXP_AMOUNT</field>
            <field>OPPORTUNITY.LEAD_SOURCE</field>
            <field>OPPORTUNITY.NEXT_STEP</field>
            <field>OPPORTUNITY.PRIVATE</field>
            <field>OPPORTUNITY.TYPE</field>
            <field>UPDATEDBY_USER.ALIAS</field>
            <field>CREATEDBY_USER.ALIAS</field>
            <field>OPPORTUNITY.CLOSED</field>
            <field>OPPORTUNITY.WON</field>
            <field>ACCOUNT.SITE</field>
            <field>OPPORTUNITY.FISCAL_YEAR</field>
            <field>OPPORTUNITY.FISCAL_QUARTER</field>
            <field>OPPORTUNITY.FISCAL_PERIOD</field>
            <field>OPPORTUNITY.LAST_ACTIVITY</field>
            <field>OPPORTUNITY.CREATED_DATE</field>
            <field>OPPORTUNITY.LAST_UPDATE</field>
            <field>00N5f00000Nhbp2</field>
            <field>00N5f00000Nhbp3</field>
            <field>00N5f00000Nhbp4</field>
            <field>00N5f00000Nhbp5</field>
            <field>00N5f00000Nhbp6</field>
        </opportunityListFieldsUnselectedSettings>
        <quotasSettings>
            <showQuotas>false</showQuotas>
        </quotasSettings>
    </forecastingTypeSettings>
    <forecastingTypeSettings>
        <active>false</active>
        <adjustmentsSettings>
            <enableAdjustments>false</enableAdjustments>
            <enableOwnerAdjustments>false</enableOwnerAdjustments>
        </adjustmentsSettings>
        <displayedCategoryApiNames>closedonly</displayedCategoryApiNames>
        <displayedCategoryApiNames>commitonly</displayedCategoryApiNames>
        <displayedCategoryApiNames>bestcaseonly</displayedCategoryApiNames>
        <displayedCategoryApiNames>pipelineonly</displayedCategoryApiNames>
        <forecastRangeSettings>
            <beginning>0</beginning>
            <displaying>6</displaying>
            <periodType>Month</periodType>
        </forecastRangeSettings>
        <forecastedCategoryApiNames>commitonly</forecastedCategoryApiNames>
        <forecastedCategoryApiNames>closedonly</forecastedCategoryApiNames>
        <forecastedCategoryApiNames>pipelineonly</forecastedCategoryApiNames>
        <forecastedCategoryApiNames>bestcaseonly</forecastedCategoryApiNames>
        <forecastingDateType>ScheduleDate</forecastingDateType>
        <hasProductFamily>false</hasProductFamily>
        <isAmount>true</isAmount>
        <isAvailable>false</isAvailable>
        <isQuantity>false</isQuantity>
        <masterLabel>Opportunity Revenue Schedule Date</masterLabel>
        <name>OpportunityRevenueScheduleDate</name>
        <opportunityListFieldsLabelMappings>
            <field>OPPORTUNITY.NAME</field>
            <label>Opportunity Name</label>
        </opportunityListFieldsLabelMappings>
        <opportunityListFieldsLabelMappings>
            <field>ACCOUNT.NAME</field>
            <label>Account Name</label>
        </opportunityListFieldsLabelMappings>
        <opportunityListFieldsLabelMappings>
            <field>SPLITAMOUNT</field>
            <label>Forecasted Amount</label>
        </opportunityListFieldsLabelMappings>
        <opportunityListFieldsLabelMappings>
            <field>OPPORTUNITY.CLOSE_DATE</field>
            <label>Close Date</label>
        </opportunityListFieldsLabelMappings>
        <opportunityListFieldsLabelMappings>
            <field>OPPORTUNITY.STAGE_NAME</field>
            <label>Stage</label>
        </opportunityListFieldsLabelMappings>
        <opportunityListFieldsLabelMappings>
            <field>OPPORTUNITY.PROBABILITY</field>
            <label>Probability (%)</label>
        </opportunityListFieldsLabelMappings>
        <opportunityListFieldsLabelMappings>
            <field>FORECAST_CATEGORY</field>
            <label>Forecast Category</label>
        </opportunityListFieldsLabelMappings>
        <opportunityListFieldsLabelMappings>
            <field>FULL_NAME</field>
            <label>Owner Full Name</label>
        </opportunityListFieldsLabelMappings>
        <opportunityListFieldsLabelMappings>
            <field>CONTRACT.CONTRACT_NUMBER</field>
            <label>Contract Number</label>
        </opportunityListFieldsLabelMappings>
        <opportunityListFieldsLabelMappings>
            <field>CONTRACT.NAME</field>
            <label>Contract Name</label>
        </opportunityListFieldsLabelMappings>
        <opportunityListFieldsLabelMappings>
            <field>OPPORTUNITY.AMOUNT</field>
            <label>Amount</label>
        </opportunityListFieldsLabelMappings>
        <opportunityListFieldsLabelMappings>
            <field>CORE.USERS.ALIAS</field>
            <label>Opportunity Owner Alias</label>
        </opportunityListFieldsLabelMappings>
        <opportunityListFieldsLabelMappings>
            <field>CORE.USERS.FIRST_NAME</field>
            <label>Owner First Name</label>
        </opportunityListFieldsLabelMappings>
        <opportunityListFieldsLabelMappings>
            <field>CORE.USERS.LAST_NAME</field>
            <label>Owner Last Name</label>
        </opportunityListFieldsLabelMappings>
        <opportunityListFieldsLabelMappings>
            <field>DESCRIPTION</field>
            <label>Description</label>
        </opportunityListFieldsLabelMappings>
        <opportunityListFieldsLabelMappings>
            <field>OPPORTUNITY.EXP_AMOUNT</field>
            <label>Expected Revenue</label>
        </opportunityListFieldsLabelMappings>
        <opportunityListFieldsLabelMappings>
            <field>OPPORTUNITY.LEAD_SOURCE</field>
            <label>Lead Source</label>
        </opportunityListFieldsLabelMappings>
        <opportunityListFieldsLabelMappings>
            <field>OPPORTUNITY.NEXT_STEP</field>
            <label>Next Step</label>
        </opportunityListFieldsLabelMappings>
        <opportunityListFieldsLabelMappings>
            <field>OPPORTUNITY.PRIVATE</field>
            <label>Private</label>
        </opportunityListFieldsLabelMappings>
        <opportunityListFieldsLabelMappings>
            <field>OPPORTUNITY.QUANTITY</field>
            <label>Quantity</label>
        </opportunityListFieldsLabelMappings>
        <opportunityListFieldsLabelMappings>
            <field>OPPORTUNITY.TYPE</field>
            <label>Type</label>
        </opportunityListFieldsLabelMappings>
        <opportunityListFieldsLabelMappings>
            <field>UPDATEDBY_USER.ALIAS</field>
            <label>Last Modified By Alias</label>
        </opportunityListFieldsLabelMappings>
        <opportunityListFieldsLabelMappings>
            <field>CREATEDBY_USER.ALIAS</field>
            <label>Created By Alias</label>
        </opportunityListFieldsLabelMappings>
        <opportunityListFieldsLabelMappings>
            <field>OPPORTUNITY.CLOSED</field>
            <label>Closed</label>
        </opportunityListFieldsLabelMappings>
        <opportunityListFieldsLabelMappings>
            <field>OPPORTUNITY.WON</field>
            <label>Won</label>
        </opportunityListFieldsLabelMappings>
        <opportunityListFieldsLabelMappings>
            <field>ACCOUNT.SITE</field>
            <label>Account Site</label>
        </opportunityListFieldsLabelMappings>
        <opportunityListFieldsLabelMappings>
            <field>OPPORTUNITY.FISCAL_YEAR</field>
            <label>Fiscal Year</label>
        </opportunityListFieldsLabelMappings>
        <opportunityListFieldsLabelMappings>
            <field>OPPORTUNITY.FISCAL_QUARTER</field>
            <label>Fiscal Quarter</label>
        </opportunityListFieldsLabelMappings>
        <opportunityListFieldsLabelMappings>
            <field>OPPORTUNITY.FISCAL_PERIOD</field>
            <label>Fiscal Period</label>
        </opportunityListFieldsLabelMappings>
        <opportunityListFieldsLabelMappings>
            <field>OPPORTUNITY.LAST_ACTIVITY</field>
            <label>Last Activity</label>
        </opportunityListFieldsLabelMappings>
        <opportunityListFieldsLabelMappings>
            <field>OPPORTUNITY.CREATED_DATE</field>
            <label>Created Date</label>
        </opportunityListFieldsLabelMappings>
        <opportunityListFieldsLabelMappings>
            <field>OPPORTUNITY.LAST_UPDATE</field>
            <label>Last Modified Date</label>
        </opportunityListFieldsLabelMappings>
        <opportunityListFieldsLabelMappings>
            <field>00N5f00000Nhbp2</field>
            <label>Current Generator(s)</label>
        </opportunityListFieldsLabelMappings>
        <opportunityListFieldsLabelMappings>
            <field>00N5f00000Nhbp3</field>
            <label>Delivery/Installation Status</label>
        </opportunityListFieldsLabelMappings>
        <opportunityListFieldsLabelMappings>
            <field>00N5f00000Nhbp4</field>
            <label>Main Competitor(s)</label>
        </opportunityListFieldsLabelMappings>
        <opportunityListFieldsLabelMappings>
            <field>00N5f00000Nhbp5</field>
            <label>Order Number</label>
        </opportunityListFieldsLabelMappings>
        <opportunityListFieldsLabelMappings>
            <field>00N5f00000Nhbp6</field>
            <label>Tracking Number</label>
        </opportunityListFieldsLabelMappings>
        <opportunityListFieldsSelectedSettings>
            <field>OPPORTUNITY.NAME</field>
            <field>ACCOUNT.NAME</field>
            <field>SPLITAMOUNT</field>
            <field>OPPORTUNITY.CLOSE_DATE</field>
            <field>OPPORTUNITY.STAGE_NAME</field>
            <field>OPPORTUNITY.PROBABILITY</field>
            <field>FORECAST_CATEGORY</field>
            <field>FULL_NAME</field>
        </opportunityListFieldsSelectedSettings>
        <opportunityListFieldsUnselectedSettings>
            <field>CONTRACT.CONTRACT_NUMBER</field>
            <field>CONTRACT.NAME</field>
            <field>OPPORTUNITY.AMOUNT</field>
            <field>CORE.USERS.ALIAS</field>
            <field>CORE.USERS.FIRST_NAME</field>
            <field>CORE.USERS.LAST_NAME</field>
            <field>DESCRIPTION</field>
            <field>OPPORTUNITY.EXP_AMOUNT</field>
            <field>OPPORTUNITY.LEAD_SOURCE</field>
            <field>OPPORTUNITY.NEXT_STEP</field>
            <field>OPPORTUNITY.PRIVATE</field>
            <field>OPPORTUNITY.QUANTITY</field>
            <field>OPPORTUNITY.TYPE</field>
            <field>UPDATEDBY_USER.ALIAS</field>
            <field>CREATEDBY_USER.ALIAS</field>
            <field>OPPORTUNITY.CLOSED</field>
            <field>OPPORTUNITY.WON</field>
            <field>ACCOUNT.SITE</field>
            <field>OPPORTUNITY.FISCAL_YEAR</field>
            <field>OPPORTUNITY.FISCAL_QUARTER</field>
            <field>OPPORTUNITY.FISCAL_PERIOD</field>
            <field>OPPORTUNITY.LAST_ACTIVITY</field>
            <field>OPPORTUNITY.CREATED_DATE</field>
            <field>OPPORTUNITY.LAST_UPDATE</field>
            <field>00N5f00000Nhbp2</field>
            <field>00N5f00000Nhbp3</field>
            <field>00N5f00000Nhbp4</field>
            <field>00N5f00000Nhbp5</field>
            <field>00N5f00000Nhbp6</field>
        </opportunityListFieldsUnselectedSettings>
        <quotasSettings>
            <showQuotas>false</showQuotas>
        </quotasSettings>
    </forecastingTypeSettings>
    <forecastingTypeSettings>
        <active>false</active>
        <adjustmentsSettings>
            <enableAdjustments>false</enableAdjustments>
            <enableOwnerAdjustments>false</enableOwnerAdjustments>
        </adjustmentsSettings>
        <displayedCategoryApiNames>closedonly</displayedCategoryApiNames>
        <displayedCategoryApiNames>commitonly</displayedCategoryApiNames>
        <displayedCategoryApiNames>bestcaseonly</displayedCategoryApiNames>
        <displayedCategoryApiNames>pipelineonly</displayedCategoryApiNames>
        <forecastRangeSettings>
            <beginning>0</beginning>
            <displaying>6</displaying>
            <periodType>Month</periodType>
        </forecastRangeSettings>
        <forecastedCategoryApiNames>commitonly</forecastedCategoryApiNames>
        <forecastedCategoryApiNames>closedonly</forecastedCategoryApiNames>
        <forecastedCategoryApiNames>pipelineonly</forecastedCategoryApiNames>
        <forecastedCategoryApiNames>bestcaseonly</forecastedCategoryApiNames>
        <forecastingDateType>ScheduleDate</forecastingDateType>
        <hasProductFamily>false</hasProductFamily>
        <isAmount>false</isAmount>
        <isAvailable>false</isAvailable>
        <isQuantity>true</isQuantity>
        <masterLabel>Opportunity Quantity Schedule Date</masterLabel>
        <name>OpportunityQuantityScheduleDate</name>
        <opportunityListFieldsLabelMappings>
            <field>OPPORTUNITY.NAME</field>
            <label>Opportunity Name</label>
        </opportunityListFieldsLabelMappings>
        <opportunityListFieldsLabelMappings>
            <field>ACCOUNT.NAME</field>
            <label>Account Name</label>
        </opportunityListFieldsLabelMappings>
        <opportunityListFieldsLabelMappings>
            <field>OPPORTUNITY.QUANTITY</field>
            <label>Quantity</label>
        </opportunityListFieldsLabelMappings>
        <opportunityListFieldsLabelMappings>
            <field>OPPORTUNITY.CLOSE_DATE</field>
            <label>Close Date</label>
        </opportunityListFieldsLabelMappings>
        <opportunityListFieldsLabelMappings>
            <field>OPPORTUNITY.STAGE_NAME</field>
            <label>Stage</label>
        </opportunityListFieldsLabelMappings>
        <opportunityListFieldsLabelMappings>
            <field>OPPORTUNITY.PROBABILITY</field>
            <label>Probability (%)</label>
        </opportunityListFieldsLabelMappings>
        <opportunityListFieldsLabelMappings>
            <field>FORECAST_CATEGORY</field>
            <label>Forecast Category</label>
        </opportunityListFieldsLabelMappings>
        <opportunityListFieldsLabelMappings>
            <field>FULL_NAME</field>
            <label>Owner Full Name</label>
        </opportunityListFieldsLabelMappings>
        <opportunityListFieldsLabelMappings>
            <field>CONTRACT.CONTRACT_NUMBER</field>
            <label>Contract Number</label>
        </opportunityListFieldsLabelMappings>
        <opportunityListFieldsLabelMappings>
            <field>CONTRACT.NAME</field>
            <label>Contract Name</label>
        </opportunityListFieldsLabelMappings>
        <opportunityListFieldsLabelMappings>
            <field>OPPORTUNITY.AMOUNT</field>
            <label>Amount</label>
        </opportunityListFieldsLabelMappings>
        <opportunityListFieldsLabelMappings>
            <field>CORE.USERS.ALIAS</field>
            <label>Opportunity Owner Alias</label>
        </opportunityListFieldsLabelMappings>
        <opportunityListFieldsLabelMappings>
            <field>CORE.USERS.FIRST_NAME</field>
            <label>Owner First Name</label>
        </opportunityListFieldsLabelMappings>
        <opportunityListFieldsLabelMappings>
            <field>CORE.USERS.LAST_NAME</field>
            <label>Owner Last Name</label>
        </opportunityListFieldsLabelMappings>
        <opportunityListFieldsLabelMappings>
            <field>DESCRIPTION</field>
            <label>Description</label>
        </opportunityListFieldsLabelMappings>
        <opportunityListFieldsLabelMappings>
            <field>OPPORTUNITY.EXP_AMOUNT</field>
            <label>Expected Revenue</label>
        </opportunityListFieldsLabelMappings>
        <opportunityListFieldsLabelMappings>
            <field>OPPORTUNITY.LEAD_SOURCE</field>
            <label>Lead Source</label>
        </opportunityListFieldsLabelMappings>
        <opportunityListFieldsLabelMappings>
            <field>OPPORTUNITY.NEXT_STEP</field>
            <label>Next Step</label>
        </opportunityListFieldsLabelMappings>
        <opportunityListFieldsLabelMappings>
            <field>OPPORTUNITY.PRIVATE</field>
            <label>Private</label>
        </opportunityListFieldsLabelMappings>
        <opportunityListFieldsLabelMappings>
            <field>OPPORTUNITY.TYPE</field>
            <label>Type</label>
        </opportunityListFieldsLabelMappings>
        <opportunityListFieldsLabelMappings>
            <field>UPDATEDBY_USER.ALIAS</field>
            <label>Last Modified By Alias</label>
        </opportunityListFieldsLabelMappings>
        <opportunityListFieldsLabelMappings>
            <field>CREATEDBY_USER.ALIAS</field>
            <label>Created By Alias</label>
        </opportunityListFieldsLabelMappings>
        <opportunityListFieldsLabelMappings>
            <field>OPPORTUNITY.CLOSED</field>
            <label>Closed</label>
        </opportunityListFieldsLabelMappings>
        <opportunityListFieldsLabelMappings>
            <field>OPPORTUNITY.WON</field>
            <label>Won</label>
        </opportunityListFieldsLabelMappings>
        <opportunityListFieldsLabelMappings>
            <field>ACCOUNT.SITE</field>
            <label>Account Site</label>
        </opportunityListFieldsLabelMappings>
        <opportunityListFieldsLabelMappings>
            <field>OPPORTUNITY.FISCAL_YEAR</field>
            <label>Fiscal Year</label>
        </opportunityListFieldsLabelMappings>
        <opportunityListFieldsLabelMappings>
            <field>OPPORTUNITY.FISCAL_QUARTER</field>
            <label>Fiscal Quarter</label>
        </opportunityListFieldsLabelMappings>
        <opportunityListFieldsLabelMappings>
            <field>OPPORTUNITY.FISCAL_PERIOD</field>
            <label>Fiscal Period</label>
        </opportunityListFieldsLabelMappings>
        <opportunityListFieldsLabelMappings>
            <field>OPPORTUNITY.LAST_ACTIVITY</field>
            <label>Last Activity</label>
        </opportunityListFieldsLabelMappings>
        <opportunityListFieldsLabelMappings>
            <field>OPPORTUNITY.CREATED_DATE</field>
            <label>Created Date</label>
        </opportunityListFieldsLabelMappings>
        <opportunityListFieldsLabelMappings>
            <field>OPPORTUNITY.LAST_UPDATE</field>
            <label>Last Modified Date</label>
        </opportunityListFieldsLabelMappings>
        <opportunityListFieldsLabelMappings>
            <field>00N5f00000Nhbp2</field>
            <label>Current Generator(s)</label>
        </opportunityListFieldsLabelMappings>
        <opportunityListFieldsLabelMappings>
            <field>00N5f00000Nhbp3</field>
            <label>Delivery/Installation Status</label>
        </opportunityListFieldsLabelMappings>
        <opportunityListFieldsLabelMappings>
            <field>00N5f00000Nhbp4</field>
            <label>Main Competitor(s)</label>
        </opportunityListFieldsLabelMappings>
        <opportunityListFieldsLabelMappings>
            <field>00N5f00000Nhbp5</field>
            <label>Order Number</label>
        </opportunityListFieldsLabelMappings>
        <opportunityListFieldsLabelMappings>
            <field>00N5f00000Nhbp6</field>
            <label>Tracking Number</label>
        </opportunityListFieldsLabelMappings>
        <opportunityListFieldsSelectedSettings>
            <field>OPPORTUNITY.NAME</field>
            <field>ACCOUNT.NAME</field>
            <field>OPPORTUNITY.QUANTITY</field>
            <field>OPPORTUNITY.CLOSE_DATE</field>
            <field>OPPORTUNITY.STAGE_NAME</field>
            <field>OPPORTUNITY.PROBABILITY</field>
            <field>FORECAST_CATEGORY</field>
            <field>FULL_NAME</field>
        </opportunityListFieldsSelectedSettings>
        <opportunityListFieldsUnselectedSettings>
            <field>CONTRACT.CONTRACT_NUMBER</field>
            <field>CONTRACT.NAME</field>
            <field>OPPORTUNITY.AMOUNT</field>
            <field>CORE.USERS.ALIAS</field>
            <field>CORE.USERS.FIRST_NAME</field>
            <field>CORE.USERS.LAST_NAME</field>
            <field>DESCRIPTION</field>
            <field>OPPORTUNITY.EXP_AMOUNT</field>
            <field>OPPORTUNITY.LEAD_SOURCE</field>
            <field>OPPORTUNITY.NEXT_STEP</field>
            <field>OPPORTUNITY.PRIVATE</field>
            <field>OPPORTUNITY.TYPE</field>
            <field>UPDATEDBY_USER.ALIAS</field>
            <field>CREATEDBY_USER.ALIAS</field>
            <field>OPPORTUNITY.CLOSED</field>
            <field>OPPORTUNITY.WON</field>
            <field>ACCOUNT.SITE</field>
            <field>OPPORTUNITY.FISCAL_YEAR</field>
            <field>OPPORTUNITY.FISCAL_QUARTER</field>
            <field>OPPORTUNITY.FISCAL_PERIOD</field>
            <field>OPPORTUNITY.LAST_ACTIVITY</field>
            <field>OPPORTUNITY.CREATED_DATE</field>
            <field>OPPORTUNITY.LAST_UPDATE</field>
            <field>00N5f00000Nhbp2</field>
            <field>00N5f00000Nhbp3</field>
            <field>00N5f00000Nhbp4</field>
            <field>00N5f00000Nhbp5</field>
            <field>00N5f00000Nhbp6</field>
        </opportunityListFieldsUnselectedSettings>
        <quotasSettings>
            <showQuotas>false</showQuotas>
        </quotasSettings>
    </forecastingTypeSettings>
</ForecastingSettings>
