<?xml version="1.0" encoding="UTF-8"?>
<OpportunitySettings xmlns="http://soap.sforce.com/2006/04/metadata" xmlns:xsi="http://www.w3.org/2001/XMLSchema-instance">
    <autoActivateNewReminders>true</autoActivateNewReminders>
    <customizableProductSchedulesEnabled>false</customizableProductSchedulesEnabled>
    <doesAutoAddSplitOwnerAsOpportunityTeamMember xsi:nil="true"/>
    <enableFindSimilarOpportunities>false</enableFindSimilarOpportunities>
    <enableOpportunityFieldHistoryTracking>false</enableOpportunityFieldHistoryTracking>
    <enableOpportunityTeam>false</enableOpportunityTeam>
    <enableUpdateReminders>true</enableUpdateReminders>
    <promptToAddProducts>false</promptToAddProducts>
</OpportunitySettings>
