<?xml version="1.0" encoding="UTF-8"?>
<UserInterfaceSettings xmlns="http://soap.sforce.com/2006/04/metadata" xmlns:xsi="http://www.w3.org/2001/XMLSchema-instance">
    <enableCollapsibleSections>true</enableCollapsibleSections>
    <enableCollapsibleSideBar>false</enableCollapsibleSideBar>
    <enableCustomeSideBarOnAllPages>false</enableCustomeSideBarOnAllPages>
    <enableDeleteFieldHistory>false</enableDeleteFieldHistory>
    <enableHoverDetails>true</enableHoverDetails>
    <enableInlineEdit>true</enableInlineEdit>
    <enableNewPageLayoutEditor>true</enableNewPageLayoutEditor>
    <enableProfileCustomTabsets>true</enableProfileCustomTabsets>
    <enableQuickCreate>true</enableQuickCreate>
    <enableTabOrganizer>true</enableTabOrganizer>
    <isCustomObjectTruncateEnabled xsi:nil="true"/>
</UserInterfaceSettings>
