<?xml version="1.0" encoding="UTF-8"?>
<UserManagementSettings xmlns="http://soap.sforce.com/2006/04/metadata">
    <enableCanAnswerContainUsername>true</enableCanAnswerContainUsername>
    <enableConcealPersonalInfo>true</enableConcealPersonalInfo>
    <enableEnhancedPermsetMgmt>false</enableEnhancedPermsetMgmt>
    <enableEnhancedProfileMgmt>true</enableEnhancedProfileMgmt>
    <enableNewProfileUI>false</enableNewProfileUI>
    <enableUserSelfDeactivate>false</enableUserSelfDeactivate>
</UserManagementSettings>
