<?xml version="1.0" encoding="UTF-8"?>
<AppMenu xmlns="http://soap.sforce.com/2006/04/metadata">
    <appMenuItems>
        <name>standard__Platform</name>
        <type>CustomApplication</type>
    </appMenuItems>
    <appMenuItems>
        <name>standard__Sales</name>
        <type>CustomApplication</type>
    </appMenuItems>
    <appMenuItems>
        <name>standard__Service</name>
        <type>CustomApplication</type>
    </appMenuItems>
    <appMenuItems>
        <name>standard__Marketing</name>
        <type>CustomApplication</type>
    </appMenuItems>
    <appMenuItems>
        <name>standard__ServiceConsole</name>
        <type>CustomApplication</type>
    </appMenuItems>
    <appMenuItems>
        <name>standard__AppLauncher</name>
        <type>CustomApplication</type>
    </appMenuItems>
    <appMenuItems>
        <name>standard__Community</name>
        <type>CustomApplication</type>
    </appMenuItems>
    <appMenuItems>
        <name>standard__Sites</name>
        <type>CustomApplication</type>
    </appMenuItems>
    <appMenuItems>
        <name>standard__Chatter</name>
        <type>CustomApplication</type>
    </appMenuItems>
    <appMenuItems>
        <name>standard__Content</name>
        <type>CustomApplication</type>
    </appMenuItems>
    <appMenuItems>
        <name>standard__Insights</name>
        <type>CustomApplication</type>
    </appMenuItems>
    <appMenuItems>
        <name>standard__LightningSalesConsole</name>
        <type>CustomApplication</type>
    </appMenuItems>
    <appMenuItems>
        <name>standard__LightningService</name>
        <type>CustomApplication</type>
    </appMenuItems>
    <appMenuItems>
        <name>standard__LightningSales</name>
        <type>CustomApplication</type>
    </appMenuItems>
    <appMenuItems>
        <name>standard__LightningInstrumentation</name>
        <type>CustomApplication</type>
    </appMenuItems>
    <appMenuItems>
        <name>standard__SalesforceCMS</name>
        <type>CustomApplication</type>
    </appMenuItems>
    <appMenuItems>
        <name>standard__AllTabSet</name>
        <type>CustomApplication</type>
    </appMenuItems>
    <appMenuItems>
        <name>standard__QueueManagement</name>
        <type>CustomApplication</type>
    </appMenuItems>
    <appMenuItems>
        <name>standard__LightningScheduler</name>
        <type>CustomApplication</type>
    </appMenuItems>
    <appMenuItems>
        <name>standard__LightningBolt</name>
        <type>CustomApplication</type>
    </appMenuItems>
    <appMenuItems>
        <name>Account_List_Test</name>
        <type>CustomApplication</type>
    </appMenuItems>
</AppMenu>
